,day,month,month_no,year,Gas supply by Russia,Gas Consumption,price,inflation rate
1,1,January,1,2018,177.5,3118.4,10.16,1.3
2,2,January,1,2018,176.3,4055.6,19.32,1.3
3,3,January,1,2018,175.1,4470.1,19.32,1.3
4,4,January,1,2018,175.5,4203.2,19.2,1.3
5,5,January,1,2018,176.2,4190.7,18.91,1.3
6,6,January,1,2018,177.0,3495.0,18.956666666666667,1.3
7,7,January,1,2018,175.5,4479.7,19.003333333333334,1.3
8,8,January,1,2018,178.8,6883.5,19.05,1.3
9,9,January,1,2018,179.7,6606.9,19.435,1.3
10,10,January,1,2018,179.8,6387.4,19.32,1.3
11,11,January,1,2018,182.2,6481.6,19.32,1.3
12,12,January,1,2018,182.4,6375.9,19.805,1.3
13,13,January,1,2018,180.8,5658.8,19.57875,1.3
14,14,January,1,2018,179.3,6015.0,19.3525,1.3
15,15,January,1,2018,179.3,7404.3,19.12625,1.3
16,16,January,1,2018,178.3,7093.8,18.9,1.3
17,17,January,1,2018,178.5,7655.5,18.44,1.3
18,18,January,1,2018,178.4,7517.5,18.35,1.3
19,19,January,1,2018,182.2,7663.7,18.19,1.3
20,20,January,1,2018,183.3,6336.7,18.308333333333334,1.3
21,21,January,1,2018,182.7,5594.4,18.42666666666667,1.3
22,22,January,1,2018,180.3,6850.0,18.545,1.3
23,23,January,1,2018,178.7,5925.8,18.2,1.3
24,24,January,1,2018,180.6,5148.7,17.79,1.3
25,25,January,1,2018,180.3,6223.1,17.78,1.3
26,26,January,1,2018,178.6,6441.4,17.78,1.3
27,27,January,1,2018,176.4,4695.2,17.651666666666667,1.3
28,28,January,1,2018,175.9,3926.1,17.523333333333333,1.3
29,29,January,1,2018,177.2,5136.8,17.395,1.3
30,30,January,1,2018,179.1,6014.3,17.41,1.3
31,31,January,1,2018,177.9,5919.9,17.88,1.3
32,1,February,2,2018,177.2,6344.8,18.15,1.1
33,2,February,2,2018,179.4,6576.9,18.16,1.1
34,3,February,2,2018,181.7,5879.6,17.97,1.1
35,4,February,2,2018,181.1,6263.5,17.78,1.1
36,5,February,2,2018,180.9,9005.7,17.59,1.1
37,6,February,2,2018,181.0,9763.0,17.88,1.1
38,7,February,2,2018,181.2,9775.4,18.16,1.1
39,8,February,2,2018,180.7,9439.9,17.74,1.1
40,9,February,2,2018,180.0,8666.2,17.9,1.1
41,10,February,2,2018,177.9,6165.8,17.916666666666664,1.1
42,11,February,2,2018,178.5,5609.5,17.933333333333334,1.1
43,12,February,2,2018,180.9,7859.7,17.95,1.1
44,13,February,2,2018,179.0,8122.2,18.305,1.1
45,14,February,2,2018,179.6,7677.6,18.07,1.1
46,15,February,2,2018,177.7,7287.0,17.79,1.1
47,16,February,2,2018,178.5,6639.2,18.16,1.1
48,17,February,2,2018,180.1,5737.0,18.5625,1.1
49,18,February,2,2018,180.6,5707.8,18.965,1.1
50,19,February,2,2018,176.3,7820.9,19.3675,1.1
51,20,February,2,2018,180.1,7909.2,19.77,1.1
52,21,February,2,2018,180.9,8407.1,19.78,1.1
53,22,February,2,2018,183.7,8746.7,19.94,1.1
54,23,February,2,2018,184.9,8783.0,20.41,1.1
55,24,February,2,2018,186.4,7758.1,19.836666666666666,1.1
56,25,February,2,2018,187.2,8395.1,19.263333333333335,1.1
57,26,February,2,2018,185.2,10971.2,18.69,1.1
58,27,February,2,2018,184.4,11299.8,19.195,1.1
59,28,February,2,2018,179.7,11821.6,17.35,1.1
60,1,March,3,2018,180.6,11288.6,17.56,1.4
61,2,March,3,2018,183.8,10177.5,17.805,1.4
62,3,March,3,2018,182.2,7966.6,17.71,1.4
63,4,March,3,2018,181.7,6375.2,17.615,1.4
64,5,March,3,2018,181.5,6347.5,17.52,1.4
65,6,March,3,2018,181.4,6005.4,17.7,1.4
66,7,March,3,2018,180.8,5624.3,17.83,1.4
67,8,March,3,2018,180.4,5049.5,18.315,1.4
68,9,March,3,2018,179.4,4176.5,18.94,1.4
69,10,March,3,2018,178.5,2596.2,19.19666666666667,1.4
70,11,March,3,2018,178.3,2042.2,19.453333333333333,1.4
71,12,March,3,2018,180.1,3096.0,19.71,1.4
72,13,March,3,2018,178.8,3719.9,19.46,1.4
73,14,March,3,2018,179.6,3836.5,18.61,1.4
74,15,March,3,2018,178.8,3782.0,18.8,1.4
75,16,March,3,2018,179.2,3823.8,18.66,1.4
76,17,March,3,2018,172.4,4163.0,18.673333333333332,1.4
77,18,March,3,2018,178.4,5204.4,18.686666666666667,1.4
78,19,March,3,2018,180.8,6474.1,18.7,1.4
79,20,March,3,2018,181.7,6016.9,19.18,1.4
80,21,March,3,2018,182.4,5721.2,19.39,1.4
81,22,March,3,2018,178.1,5075.8,19.01,1.4
82,23,March,3,2018,179.9,4156.3,18.45,1.4
83,24,March,3,2018,176.0,2553.4,18.296666666666667,1.4
84,25,March,3,2018,176.6,1923.9,18.14333333333333,1.4
85,26,March,3,2018,176.5,2983.9,17.99,1.4
86,27,March,3,2018,176.2,3236.0,18.5,1.4
87,28,March,3,2018,177.0,2875.7,18.37,1.4
88,29,March,3,2018,176.5,2438.5,18.225,1.4
89,30,March,3,2018,178.1,1871.8,18.22625,1.4
90,31,March,3,2018,178.1,1570.3,18.2275,1.4
91,1,April,4,2018,180.4,1307.4,18.22875,1.2
92,2,April,4,2018,178.9,974.9,18.23,1.2
93,3,April,4,2018,180.1,662.2,18.04,1.2
94,4,April,4,2018,177.7,504.0,18.185,1.2
95,5,April,4,2018,173.4,1078.9,18.13,1.2
96,6,April,4,2018,171.9,644.5,18.18,1.2
97,7,April,4,2018,170.3,380.0,18.335,1.2
98,8,April,4,2018,170.1,260.7,18.49,1.2
99,9,April,4,2018,173.4,501.8,18.645,1.2
100,10,April,4,2018,173.2,631.5,18.84,1.2
101,11,April,4,2018,172.4,642.7,19.255,1.2
102,12,April,4,2018,175.8,983.1,19.21,1.2
103,13,April,4,2018,175.0,556.9,19.57,1.2
104,14,April,4,2018,173.7,214.9,19.496666666666666,1.2
105,15,April,4,2018,171.5,139.5,19.423333333333336,1.2
106,16,April,4,2018,174.0,316.8,19.35,1.2
107,17,April,4,2018,173.0,231.4,19.015,1.2
108,18,April,4,2018,173.5,163.2,19.31,1.2
109,19,April,4,2018,172.5,188.6,19.86,1.2
110,20,April,4,2018,173.1,187.6,19.8,1.2
111,21,April,4,2018,172.4,168.4,19.830000000000002,1.2
112,22,April,4,2018,171.5,143.6,19.86,1.2
113,23,April,4,2018,171.8,131.9,19.89,1.2
114,24,April,4,2018,173.2,178.0,19.68,1.2
115,25,April,4,2018,172.6,170.5,19.88,1.2
116,26,April,4,2018,173.7,153.4,20.15,1.2
117,27,April,4,2018,173.9,363.9,20.27,1.2
118,28,April,4,2018,172.9,213.2,20.366666666666667,1.2
119,29,April,4,2018,172.9,205.2,20.46333333333333,1.2
120,30,April,4,2018,172.1,720.1,20.56,1.2
121,1,May,5,2018,172.1,349.0,20.095,2.0
122,2,May,5,2018,171.7,748.6,19.86,2.0
123,3,May,5,2018,172.1,734.0,19.95,2.0
124,4,May,5,2018,172.0,564.8,20.42,2.0
125,5,May,5,2018,172.8,328.6,20.42,2.0
126,6,May,5,2018,172.6,286.2,20.42,2.0
127,7,May,5,2018,172.3,225.1,20.42,2.0
128,8,May,5,2018,172.6,287.6,20.6,2.0
129,9,May,5,2018,172.3,292.6,20.84,2.0
130,10,May,5,2018,171.8,159.2,21.005,2.0
131,11,May,5,2018,172.2,229.0,21.27,2.0
132,12,May,5,2018,166.8,205.8,21.388333333333332,2.0
133,13,May,5,2018,172.2,165.0,21.506666666666668,2.0
134,14,May,5,2018,166.2,407.0,21.625,2.0
135,15,May,5,2018,172.2,383.2,21.54,2.0
136,16,May,5,2018,170.9,344.7,21.67,2.0
137,17,May,5,2018,170.0,403.7,22.3,2.0
138,18,May,5,2018,170.1,417.3,22.055,2.0
139,19,May,5,2018,172.4,236.9,22.161666666666665,2.0
140,20,May,5,2018,172.6,119.6,22.268333333333334,2.0
141,21,May,5,2018,173.1,163.3,22.375,2.0
142,22,May,5,2018,172.2,178.4,22.905,2.0
143,23,May,5,2018,174.4,192.1,22.71,2.0
144,24,May,5,2018,174.3,745.0,22.7,2.0
145,25,May,5,2018,173.1,365.8,21.8,2.0
146,26,May,5,2018,172.4,86.9,22.015,2.0
147,27,May,5,2018,173.0,94.8,22.23,2.0
148,28,May,5,2018,172.5,316.1,22.445,2.0
149,29,May,5,2018,172.6,289.4,22.66,2.0
150,30,May,5,2018,172.4,548.9,22.98,2.0
151,31,May,5,2018,168.7,579.0,22.58,2.0
152,1,June,6,2018,176.3,719.9,21.77,2.0
153,2,June,6,2018,170.3,175.2,21.816666666666666,2.0
154,3,June,6,2018,171.7,126.6,21.863333333333333,2.0
155,4,June,6,2018,174.5,279.4,21.91,2.0
156,5,June,6,2018,174.5,403.4,21.43,2.0
157,6,June,6,2018,175.2,273.6,21.32,2.0
158,7,June,6,2018,174.4,283.8,21.66,2.0
159,8,June,6,2018,173.8,354.6,21.54,2.0
160,9,June,6,2018,172.6,117.4,21.476666666666667,2.0
161,10,June,6,2018,171.9,88.5,21.413333333333334,2.0
162,11,June,6,2018,171.7,176.5,21.35,2.0
163,12,June,6,2018,172.9,466.6,21.79,2.0
164,13,June,6,2018,173.2,243.1,22.38,2.0
165,14,June,6,2018,173.0,223.1,22.36,2.0
166,15,June,6,2018,172.8,236.2,21.75,2.0
167,16,June,6,2018,169.2,84.8,21.88,2.0
168,17,June,6,2018,167.2,92.2,22.01,2.0
169,18,June,6,2018,169.0,203.1,22.14,2.0
170,19,June,6,2018,170.1,311.6,21.7,2.0
171,20,June,6,2018,174.9,250.6,21.5,2.0
172,21,June,6,2018,176.4,244.3,21.55,2.0
173,22,June,6,2018,175.9,143.2,21.66,2.0
174,23,June,6,2018,178.7,141.8,21.623333333333335,2.0
175,24,June,6,2018,178.7,142.5,21.586666666666666,2.0
176,25,June,6,2018,180.6,244.4,21.55,2.0
177,26,June,6,2018,172.9,223.7,21.495,2.0
178,27,June,6,2018,171.9,346.2,22.035,2.0
179,28,June,6,2018,171.3,503.4,21.96,2.0
180,29,June,6,2018,174.1,423.3,21.875,2.0
181,30,June,6,2018,171.4,216.3,21.996666666666666,2.0
182,1,July,7,2018,171.8,240.1,22.118333333333332,2.2
183,2,July,7,2018,175.0,350.8,22.24,2.2
184,3,July,7,2018,173.8,269.3,22.26,2.2
185,4,July,7,2018,174.9,314.6,22.36,2.2
186,5,July,7,2018,177.7,304.3,22.46,2.2
187,6,July,7,2018,175.3,235.0,22.36,2.2
188,7,July,7,2018,159.7,186.0,22.483333333333334,2.2
189,8,July,7,2018,180.2,200.4,22.606666666666666,2.2
190,9,July,7,2018,177.3,188.9,22.73,2.2
191,10,July,7,2018,186.0,205.9,22.73,2.2
192,11,July,7,2018,182.2,205.6,22.58,2.2
193,12,July,7,2018,180.9,365.1,21.97,2.2
194,13,July,7,2018,179.1,337.7,22.27,2.2
195,14,July,7,2018,178.4,113.3,22.186666666666667,2.2
196,15,July,7,2018,177.0,109.0,22.10333333333333,2.2
197,16,July,7,2018,167.2,302.0,22.02,2.2
198,17,July,7,2018,12.9,413.9,21.85,2.2
199,18,July,7,2018,18.5,564.6,22.14,2.2
200,19,July,7,2018,19.0,642.6,22.16,2.2
201,20,July,7,2018,18.8,369.7,21.875,2.2
202,21,July,7,2018,18.5,150.2,21.926666666666666,2.2
203,22,July,7,2018,18.6,178.1,21.978333333333335,2.2
204,23,July,7,2018,19.2,340.1,22.03,2.2
205,24,July,7,2018,19.2,534.4,22.095,2.2
206,25,July,7,2018,19.3,428.1,22.17,2.2
207,26,July,7,2018,19.2,424.9,22.115,2.2
208,27,July,7,2018,19.3,409.7,21.89,2.2
209,28,July,7,2018,19.8,319.4,21.946666666666665,2.2
210,29,July,7,2018,23.5,236.0,22.003333333333334,2.2
211,30,July,7,2018,171.6,365.6,22.06,2.2
212,31,July,7,2018,181.6,337.8,22.11,2.2
213,1,August,8,2018,183.0,308.5,21.93,2.1
214,2,August,8,2018,186.8,391.3,21.93,2.1
215,3,August,8,2018,190.4,501.5,22.26,2.1
216,4,August,8,2018,190.5,235.8,22.34,2.1
217,5,August,8,2018,190.4,202.6,22.42,2.1
218,6,August,8,2018,186.5,238.1,22.5,2.1
219,7,August,8,2018,188.8,240.8,22.61,2.1
220,8,August,8,2018,187.0,245.7,22.6,2.1
221,9,August,8,2018,185.1,223.6,22.71,2.1
222,10,August,8,2018,184.4,224.0,22.88,2.1
223,11,August,8,2018,187.2,113.9,23.086666666666666,2.1
224,12,August,8,2018,188.5,135.6,23.293333333333333,2.1
225,13,August,8,2018,188.9,260.0,23.5,2.1
226,14,August,8,2018,187.0,188.4,23.73,2.1
227,15,August,8,2018,186.7,98.5,23.52,2.1
228,16,August,8,2018,185.7,127.1,23.84,2.1
229,17,August,8,2018,182.9,194.6,24.155,2.1
230,18,August,8,2018,183.6,129.9,24.163333333333334,2.1
231,19,August,8,2018,184.8,125.7,24.171666666666667,2.1
232,20,August,8,2018,185.1,508.8,24.18,2.1
233,21,August,8,2018,183.9,456.9,24.405,2.1
234,22,August,8,2018,179.9,333.3,24.45,2.1
235,23,August,8,2018,182.4,400.0,24.76,2.1
236,24,August,8,2018,180.7,357.6,24.98,2.1
237,25,August,8,2018,184.7,245.9,25.123333333333335,2.1
238,26,August,8,2018,185.2,182.1,25.266666666666666,2.1
239,27,August,8,2018,184.4,304.6,25.41,2.1
240,28,August,8,2018,183.5,602.3,25.36,2.1
241,29,August,8,2018,184.2,603.6,25.87,2.1
242,30,August,8,2018,183.3,592.5,26.13,2.1
243,31,August,8,2018,183.2,459.5,25.84,2.1
244,1,September,9,2018,187.7,158.0,26.0575,2.1
245,2,September,9,2018,187.9,103.3,26.275,2.1
246,3,September,9,2018,190.5,671.7,26.4925,2.1
247,4,September,9,2018,190.3,511.5,26.71,2.1
248,5,September,9,2018,189.7,518.6,27.02,2.1
249,6,September,9,2018,182.7,585.5,27.455,2.1
250,7,September,9,2018,187.2,418.9,27.99,2.1
251,8,September,9,2018,181.6,318.9,28.368333333333332,2.1
252,9,September,9,2018,183.6,163.9,28.746666666666666,2.1
253,10,September,9,2018,185.4,379.9,29.125,2.1
254,11,September,9,2018,191.8,357.3,28.78,2.1
255,12,September,9,2018,190.2,594.3,27.495,2.1
256,13,September,9,2018,183.7,545.7,26.81,2.1
257,14,September,9,2018,194.2,356.4,26.93,2.1
258,15,September,9,2018,196.6,206.7,27.31,2.1
259,16,September,9,2018,191.7,153.1,27.69,2.1
260,17,September,9,2018,190.1,301.9,28.07,2.1
261,18,September,9,2018,189.9,222.6,27.41,2.1
262,19,September,9,2018,189.4,271.9,28.32,2.1
263,20,September,9,2018,188.7,332.5,28.59,2.1
264,21,September,9,2018,189.2,360.8,28.73,2.1
265,22,September,9,2018,187.4,369.5,28.901666666666667,2.1
266,23,September,9,2018,188.8,375.8,29.073333333333334,2.1
267,24,September,9,2018,189.7,775.2,29.245,2.1
268,25,September,9,2018,189.7,613.6,29.23,2.1
269,26,September,9,2018,182.7,524.0,28.26,2.1
270,27,September,9,2018,181.9,384.3,27.57,2.1
271,28,September,9,2018,183.1,468.6,27.33,2.1
272,29,September,9,2018,186.8,270.9,27.369999999999997,2.1
273,30,September,9,2018,189.6,227.8,27.41,2.1
274,1,October,10,2018,191.3,382.7,27.45,2.3
275,2,October,10,2018,190.2,338.9,27.255,2.3
276,3,October,10,2018,190.2,277.7,27.115,2.3
277,4,October,10,2018,187.8,310.6,27.47,2.3
278,5,October,10,2018,186.6,394.5,27.9,2.3
279,6,October,10,2018,188.4,190.5,27.673333333333332,2.3
280,7,October,10,2018,190.5,133.8,27.446666666666665,2.3
281,8,October,10,2018,192.6,328.8,27.22,2.3
282,9,October,10,2018,189.3,324.4,26.835,2.3
283,10,October,10,2018,187.3,210.1,26.22,2.3
284,11,October,10,2018,177.7,192.7,25.76,2.3
285,12,October,10,2018,176.0,179.8,26.63,2.3
286,13,October,10,2018,174.8,126.4,26.628333333333334,2.3
287,14,October,10,2018,176.1,138.1,26.626666666666665,2.3
288,15,October,10,2018,175.9,201.2,26.625,2.3
289,16,October,10,2018,174.8,199.9,26.33,2.3
290,17,October,10,2018,178.1,213.1,25.94,2.3
291,18,October,10,2018,177.0,523.9,26.025,2.3
292,19,October,10,2018,176.9,332.7,26.86,2.3
293,20,October,10,2018,176.6,193.8,26.61,2.3
294,21,October,10,2018,177.9,195.2,26.36,2.3
295,22,October,10,2018,179.1,437.0,26.11,2.3
296,23,October,10,2018,178.0,385.1,25.66,2.3
297,24,October,10,2018,178.2,703.2,25.26,2.3
298,25,October,10,2018,176.8,676.4,24.86,2.3
299,26,October,10,2018,172.9,645.3,24.28,2.3
300,27,October,10,2018,176.5,537.2,24.38,2.3
301,28,October,10,2018,178.4,977.7,24.48,2.3
302,29,October,10,2018,178.3,2156.4,24.58,2.3
303,30,October,10,2018,178.7,2036.1,23.88,2.3
304,31,October,10,2018,178.4,1918.3,24.335,2.3
305,1,November,11,2018,179.8,1093.0,23.65,1.9
306,2,November,11,2018,179.9,906.7,24.29,1.9
307,3,November,11,2018,179.2,826.9,24.13,1.9
308,4,November,11,2018,178.9,748.5,23.97,1.9
309,5,November,11,2018,177.6,811.0,23.81,1.9
310,6,November,11,2018,173.4,997.7,23.895,1.9
311,7,November,11,2018,173.2,1089.5,24.42,1.9
312,8,November,11,2018,176.3,2035.8,24.43,1.9
313,9,November,11,2018,175.7,969.1,24.32,1.9
314,10,November,11,2018,175.1,776.7,24.863333333333333,1.9
315,11,November,11,2018,175.1,639.9,25.406666666666666,1.9
316,12,November,11,2018,176.3,1383.6,25.95,1.9
317,13,November,11,2018,176.0,1425.7,26.52,1.9
318,14,November,11,2018,175.0,1694.0,26.28,1.9
319,15,November,11,2018,175.7,2204.1,26.675,1.9
320,16,November,11,2018,169.4,3062.1,25.95,1.9
321,17,November,11,2018,115.8,2880.5,25.349999999999998,1.9
322,18,November,11,2018,168.8,3005.9,24.75,1.9
323,19,November,11,2018,179.1,4804.0,24.15,1.9
324,20,November,11,2018,181.4,5691.9,24.35,1.9
325,21,November,11,2018,183.0,5846.1,24.5,1.9
326,22,November,11,2018,180.3,5977.5,24.66,1.9
327,23,November,11,2018,179.2,5297.4,24.82,1.9
328,24,November,11,2018,180.4,3780.9,24.73,1.9
329,25,November,11,2018,179.7,3410.1,24.64,1.9
330,26,November,11,2018,177.8,4851.6,24.55,1.9
331,27,November,11,2018,175.1,5239.6,25.16,1.9
332,28,November,11,2018,176.5,4559.3,24.3,1.9
333,29,November,11,2018,178.6,4165.4,24.64,1.9
334,30,November,11,2018,179.0,4175.9,24.69,1.9
335,1,December,12,2018,177.9,3625.4,24.823333333333334,1.5
336,2,December,12,2018,179.3,2716.5,24.956666666666667,1.5
337,3,December,12,2018,177.4,3174.9,25.09,1.5
338,4,December,12,2018,185.5,4105.8,24.415,1.5
339,5,December,12,2018,185.3,4559.1,23.82,1.5
340,6,December,12,2018,185.0,3652.7,23.165,1.5
341,7,December,12,2018,183.4,3231.9,23.14,1.5
342,8,December,12,2018,182.2,2472.1,23.176666666666666,1.5
343,9,December,12,2018,180.9,2433.3,23.213333333333335,1.5
344,10,December,12,2018,181.0,4764.4,23.25,1.5
345,11,December,12,2018,180.9,5592.6,23.62,1.5
346,12,December,12,2018,181.1,6585.1,23.92,1.5
347,13,December,12,2018,180.6,7049.9,24.225,1.5
348,14,December,12,2018,183.2,7525.2,24.645,1.5
349,15,December,12,2018,179.8,6219.0,24.656666666666666,1.5
350,16,December,12,2018,182.4,6001.4,24.668333333333333,1.5
351,17,December,12,2018,182.7,6659.4,24.68,1.5
352,18,December,12,2018,183.2,6518.1,23.73,1.5
353,19,December,12,2018,183.8,6013.3,24.21,1.5
354,20,December,12,2018,183.8,5594.4,24.605,1.5
355,21,December,12,2018,180.4,4151.4,24.9,1.5
356,22,December,12,2018,179.1,2978.0,24.683333333333334,1.5
357,23,December,12,2018,179.3,2913.7,24.466666666666665,1.5
358,24,December,12,2018,180.9,3150.4,24.25,1.5
359,25,December,12,2018,179.7,3256.3,24.247500000000002,1.5
360,26,December,12,2018,176.9,3873.2,24.245,1.5
361,27,December,12,2018,177.1,4718.2,23.32,1.5
362,28,December,12,2018,178.4,4495.8,22.81,1.5
363,29,December,12,2018,177.7,3104.7,22.53333333333333,1.5
364,30,December,12,2018,178.2,2505.3,22.256666666666668,1.5
365,31,December,12,2018,179.0,2771.1,21.98,1.5
366,1,January,1,2019,178.3,2910.3,22.2275,1.4
367,2,January,1,2019,181.3,4991.5,22.475,1.4
368,3,January,1,2019,181.4,6481.0,22.25,1.4
369,4,January,1,2019,180.0,6540.3,22.93,1.4
370,5,January,1,2019,178.5,4889.3,22.463333333333335,1.4
371,6,January,1,2019,177.8,4837.0,21.996666666666666,1.4
372,7,January,1,2019,177.1,5763.9,21.53,1.4
373,8,January,1,2019,177.7,5277.2,22.09,1.4
374,9,January,1,2019,177.3,6832.6,21.72,1.4
375,10,January,1,2019,178.2,7701.1,21.68,1.4
376,11,January,1,2019,177.9,5231.8,22.255,1.4
377,12,January,1,2019,178.3,3440.2,22.061666666666667,1.4
378,13,January,1,2019,177.8,2742.5,21.868333333333332,1.4
379,14,January,1,2019,178.3,4318.5,21.675,1.4
380,15,January,1,2019,183.0,5721.2,22.0,1.4
381,16,January,1,2019,183.4,6265.0,22.0,1.4
382,17,January,1,2019,182.4,6358.8,23.0,1.4
383,18,January,1,2019,177.8,7490.3,22.605,1.4
384,19,January,1,2019,178.5,6923.1,22.40875,1.4
385,20,January,1,2019,184.4,7152.0,22.2125,1.4
386,21,January,1,2019,183.1,8732.3,22.01625,1.4
387,22,January,1,2019,186.8,9179.0,21.82,1.4
388,23,January,1,2019,184.1,9184.7,22.19,1.4
389,24,January,1,2019,183.8,9341.4,21.28,1.4
390,25,January,1,2019,181.9,8345.7,20.89,1.4
391,26,January,1,2019,182.4,5800.4,20.776666666666667,1.4
392,27,January,1,2019,183.2,5163.3,20.663333333333334,1.4
393,28,January,1,2019,182.8,7193.1,20.55,1.4
394,29,January,1,2019,181.5,7721.5,20.585,1.4
395,30,January,1,2019,183.7,8143.8,20.18,1.4
396,31,January,1,2019,181.0,8043.4,19.85,1.4
397,1,February,2,2019,185.2,7040.2,19.3,1.5
398,2,February,2,2019,185.4,5411.5,19.318333333333335,1.5
399,3,February,2,2019,189.3,5334.3,19.336666666666666,1.5
400,4,February,2,2019,186.8,6997.9,19.355,1.5
401,5,February,2,2019,186.1,6740.9,19.14,1.5
402,6,February,2,2019,186.1,6172.0,18.915,1.5
403,7,February,2,2019,183.2,5191.9,18.91,1.5
404,8,February,2,2019,183.8,4816.8,18.27,1.5
405,9,February,2,2019,183.9,3760.2,18.196666666666665,1.5
406,10,February,2,2019,180.1,3536.5,18.123333333333335,1.5
407,11,February,2,2019,177.5,5836.1,18.05,1.5
408,12,February,2,2019,178.3,5295.4,17.79,1.5
409,13,February,2,2019,177.1,5262.5,18.02,1.5
410,14,February,2,2019,177.0,4576.9,17.755,1.5
411,15,February,2,2019,175.6,3921.4,18.1,1.5
412,16,February,2,2019,174.8,2841.3,18.00125,1.5
413,17,February,2,2019,175.0,2505.1,17.9025,1.5
414,18,February,2,2019,174.1,3298.6,17.80375,1.5
415,19,February,2,2019,176.1,3416.8,17.705,1.5
416,20,February,2,2019,176.7,3528.6,18.145,1.5
417,21,February,2,2019,177.5,3356.6,17.52,1.5
418,22,February,2,2019,178.9,3426.8,17.23,1.5
419,23,February,2,2019,176.3,2949.8,17.136666666666667,1.5
420,24,February,2,2019,175.0,3039.6,17.043333333333333,1.5
421,25,February,2,2019,175.0,3572.2,16.95,1.5
422,26,February,2,2019,174.4,2941.9,17.045,1.5
423,27,February,2,2019,176.2,2625.6,17.615,1.5
424,28,February,2,2019,175.3,2789.2,17.815,1.5
425,1,March,3,2019,174.7,2220.4,17.32,1.4
426,2,March,3,2019,175.1,1303.2,17.346666666666668,1.4
427,3,March,3,2019,176.9,1350.8,17.37333333333333,1.4
428,4,March,3,2019,176.8,2086.2,17.4,1.4
429,5,March,3,2019,179.6,2457.9,17.18,1.4
430,6,March,3,2019,173.6,1944.2,16.85,1.4
431,7,March,3,2019,177.0,2018.9,16.87,1.4
432,8,March,3,2019,178.3,1716.6,16.73,1.4
433,9,March,3,2019,177.3,1051.6,16.693333333333335,1.4
434,10,March,3,2019,177.6,1228.4,16.656666666666666,1.4
435,11,March,3,2019,177.7,2625.5,16.62,1.4
436,12,March,3,2019,175.3,3024.6,16.21,1.4
437,13,March,3,2019,174.3,3021.2,15.72,1.4
438,14,March,3,2019,175.7,2696.9,15.61,1.4
439,15,March,3,2019,176.2,1791.0,15.25,1.4
440,16,March,3,2019,174.5,1335.8,15.16,1.4
441,17,March,3,2019,175.0,1379.8,15.07,1.4
442,18,March,3,2019,175.3,3059.8,14.98,1.4
443,19,March,3,2019,174.3,3199.5,15.01,1.4
444,20,March,3,2019,175.1,2620.8,15.21,1.4
445,21,March,3,2019,175.1,2042.9,14.565,1.4
446,22,March,3,2019,173.7,1326.6,14.46,1.4
447,23,March,3,2019,172.5,1022.2,14.370000000000001,1.4
448,24,March,3,2019,173.2,976.0,14.28,1.4
449,25,March,3,2019,175.0,1568.6,14.19,1.4
450,26,March,3,2019,176.3,2016.3,14.385,1.4
451,27,March,3,2019,174.8,1915.9,14.995,1.4
452,28,March,3,2019,174.1,1421.4,14.43,1.4
453,29,March,3,2019,172.7,962.9,14.21,1.4
454,30,March,3,2019,173.4,520.0,14.09,1.4
455,31,March,3,2019,173.3,599.4,13.97,1.4
456,1,April,4,2019,175.3,731.3,13.85,1.7
457,2,April,4,2019,176.1,781.9,13.455,1.7
458,3,April,4,2019,174.6,1435.2,14.19,1.7
459,4,April,4,2019,174.4,2112.6,14.8,1.7
460,5,April,4,2019,174.2,1469.0,16.64,1.7
461,6,April,4,2019,173.7,405.5,16.413333333333334,1.7
462,7,April,4,2019,173.8,269.3,16.186666666666667,1.7
463,8,April,4,2019,176.4,496.8,15.96,1.7
464,9,April,4,2019,177.5,832.0,16.75,1.7
465,10,April,4,2019,178.0,1380.9,15.73,1.7
466,11,April,4,2019,175.4,1639.0,15.99,1.7
467,12,April,4,2019,177.7,2011.8,15.855,1.7
468,13,April,4,2019,176.5,1204.3,15.573333333333334,1.7
469,14,April,4,2019,175.7,1019.1,15.291666666666666,1.7
470,15,April,4,2019,175.2,847.0,15.01,1.7
471,16,April,4,2019,173.4,938.8,14.835,1.7
472,17,April,4,2019,173.0,516.0,15.195,1.7
473,18,April,4,2019,172.0,326.7,14.46,1.7
474,19,April,4,2019,172.8,196.7,14.46,1.7
475,20,April,4,2019,172.6,144.0,14.46,1.7
476,21,April,4,2019,173.0,83.5,14.46,1.7
477,22,April,4,2019,172.3,107.4,14.46,1.7
478,23,April,4,2019,172.2,205.3,14.42,1.7
479,24,April,4,2019,173.4,167.2,14.27,1.7
480,25,April,4,2019,173.0,235.9,14.54,1.7
481,26,April,4,2019,172.9,376.0,14.43,1.7
482,27,April,4,2019,174.1,199.5,14.461666666666666,1.7
483,28,April,4,2019,171.7,410.5,14.493333333333334,1.7
484,29,April,4,2019,174.8,660.5,14.525,1.7
485,30,April,4,2019,172.9,526.6,14.39,1.7
486,1,May,5,2019,171.7,246.8,14.055,1.2
487,2,May,5,2019,170.0,316.3,14.37,1.2
488,3,May,5,2019,166.4,464.3,14.565,1.2
489,4,May,5,2019,173.5,280.8,14.49,1.2
490,5,May,5,2019,175.4,454.3,14.415,1.2
491,6,May,5,2019,176.2,1023.8,14.34,1.2
492,7,May,5,2019,175.4,807.8,14.15,1.2
493,8,May,5,2019,175.8,426.4,14.32,1.2
494,9,May,5,2019,175.3,894.9,14.455,1.2
495,10,May,5,2019,172.0,743.9,13.995,1.2
496,11,May,5,2019,172.5,415.8,13.916666666666666,1.2
497,12,May,5,2019,171.5,309.6,13.838333333333333,1.2
498,13,May,5,2019,174.2,567.3,13.76,1.2
499,14,May,5,2019,173.9,571.3,13.785,1.2
500,15,May,5,2019,173.9,555.0,13.86,1.2
501,16,May,5,2019,174.9,459.2,13.385,1.2
502,17,May,5,2019,173.3,557.9,12.86,1.2
503,18,May,5,2019,169.7,280.7,12.875,1.2
504,19,May,5,2019,170.1,290.9,12.889999999999999,1.2
505,20,May,5,2019,172.0,321.8,12.905,1.2
506,21,May,5,2019,173.2,225.9,12.71,1.2
507,22,May,5,2019,170.7,285.3,12.65,1.2
508,23,May,5,2019,173.3,259.3,12.6,1.2
509,24,May,5,2019,174.1,130.1,12.25,1.2
510,25,May,5,2019,173.1,117.0,12.317499999999999,1.2
511,26,May,5,2019,175.3,100.5,12.385,1.2
512,27,May,5,2019,174.0,171.9,12.4525,1.2
513,28,May,5,2019,173.5,337.8,12.52,1.2
514,29,May,5,2019,173.1,257.1,12.22,1.2
515,30,May,5,2019,172.1,306.3,11.47,1.2
516,31,May,5,2019,174.5,137.3,11.21,1.2
517,1,June,6,2019,172.8,133.6,11.173333333333334,1.3
518,2,June,6,2019,172.7,93.1,11.136666666666667,1.3
519,3,June,6,2019,173.4,254.3,11.1,1.3
520,4,June,6,2019,172.4,376.0,11.91,1.3
521,5,June,6,2019,169.4,428.0,11.6,1.3
522,6,June,6,2019,167.6,337.6,11.105,1.3
523,7,June,6,2019,169.0,398.2,11.52,1.3
524,8,June,6,2019,169.5,276.5,11.613333333333333,1.3
525,9,June,6,2019,173.1,303.3,11.706666666666667,1.3
526,10,June,6,2019,172.9,304.4,11.8,1.3
527,11,June,6,2019,173.8,616.0,11.2,1.3
528,12,June,6,2019,175.5,620.7,11.14,1.3
529,13,June,6,2019,174.5,528.6,11.39,1.3
530,14,June,6,2019,175.5,537.7,11.32,1.3
531,15,June,6,2019,172.9,179.7,11.403333333333334,1.3
532,16,June,6,2019,168.7,138.2,11.486666666666666,1.3
533,17,June,6,2019,171.2,489.8,11.57,1.3
534,18,June,6,2019,171.4,461.1,11.04,1.3
535,19,June,6,2019,171.5,446.3,10.48,1.3
536,20,June,6,2019,170.2,360.1,10.15,1.3
537,21,June,6,2019,171.7,308.6,10.36,1.3
538,22,June,6,2019,172.9,215.3,10.306666666666667,1.3
539,23,June,6,2019,171.9,142.8,10.253333333333332,1.3
540,24,June,6,2019,172.3,325.9,10.2,1.3
541,25,June,6,2019,174.1,498.2,9.845,1.3
542,26,June,6,2019,175.2,453.8,9.62,1.3
543,27,June,6,2019,175.6,503.5,9.375,1.3
544,28,June,6,2019,174.2,409.5,10.115,1.3
545,29,June,6,2019,173.3,326.1,10.198333333333334,1.3
546,30,June,6,2019,171.3,525.7,10.281666666666666,1.3
547,1,July,7,2019,171.7,217.2,10.365,1.0
548,2,July,7,2019,174.1,466.0,10.22,1.0
549,3,July,7,2019,176.1,584.3,10.29,1.0
550,4,July,7,2019,171.7,297.3,10.75,1.0
551,5,July,7,2019,169.7,294.2,11.21,1.0
552,6,July,7,2019,171.4,264.6,11.433333333333334,1.0
553,7,July,7,2019,171.3,188.1,11.656666666666668,1.0
554,8,July,7,2019,172.4,448.2,11.88,1.0
555,9,July,7,2019,172.9,654.9,11.76,1.0
556,10,July,7,2019,172.4,464.9,12.135,1.0
557,11,July,7,2019,173.1,450.9,13.13,1.0
558,12,July,7,2019,173.0,258.8,13.28,1.0
559,13,July,7,2019,172.2,225.7,13.151666666666666,1.0
560,14,July,7,2019,172.1,188.6,13.023333333333333,1.0
561,15,July,7,2019,157.3,259.0,12.895,1.0
562,16,July,7,2019,5.0,830.0,11.41,1.0
563,17,July,7,2019,4.8,901.0,10.99,1.0
564,18,July,7,2019,5.2,711.6,10.735,1.0
565,19,July,7,2019,4.8,630.7,10.815,1.0
566,20,July,7,2019,4.1,301.3,10.596666666666666,1.0
567,21,July,7,2019,4.3,220.2,10.378333333333334,1.0
568,22,July,7,2019,5.8,427.8,10.16,1.0
569,23,July,7,2019,4.1,460.0,10.75,1.0
570,24,July,7,2019,4.5,481.4,10.07,1.0
571,25,July,7,2019,6.0,441.5,10.025,1.0
572,26,July,7,2019,6.5,590.8,9.96,1.0
573,27,July,7,2019,64.9,234.8,9.91,1.0
574,28,July,7,2019,106.5,160.9,9.860000000000001,1.0
575,29,July,7,2019,107.3,307.0,9.81,1.0
576,30,July,7,2019,125.6,379.0,9.79,1.0
577,31,July,7,2019,135.9,549.6,11.0,1.0
578,1,August,8,2019,160.4,611.8,12.36,1.0
579,2,August,8,2019,174.4,489.5,12.015,1.0
580,3,August,8,2019,178.3,329.2,11.83,1.0
581,4,August,8,2019,173.6,278.9,11.645000000000001,1.0
582,5,August,8,2019,172.7,391.7,11.46,1.0
583,6,August,8,2019,173.2,457.3,10.95,1.0
584,7,August,8,2019,168.5,338.2,11.41,1.0
585,8,August,8,2019,177.0,345.3,12.075,1.0
586,9,August,8,2019,175.7,351.3,12.03,1.0
587,10,August,8,2019,172.2,289.8,11.826666666666666,1.0
588,11,August,8,2019,172.2,277.4,11.623333333333333,1.0
589,12,August,8,2019,172.6,414.7,11.42,1.0
590,13,August,8,2019,172.8,610.3,11.86,1.0
591,14,August,8,2019,172.6,349.9,11.18,1.0
592,15,August,8,2019,171.7,234.1,11.22,1.0
593,16,August,8,2019,170.6,324.2,10.955,1.0
594,17,August,8,2019,173.1,310.1,10.9,1.0
595,18,August,8,2019,172.7,289.9,10.844999999999999,1.0
596,19,August,8,2019,174.5,396.4,10.79,1.0
597,20,August,8,2019,174.5,412.9,11.215,1.0
598,21,August,8,2019,172.7,270.4,11.41,1.0
599,22,August,8,2019,172.5,258.8,10.99,1.0
600,23,August,8,2019,172.5,239.0,10.59,1.0
601,24,August,8,2019,172.0,212.3,10.496666666666666,1.0
602,25,August,8,2019,172.0,186.1,10.403333333333334,1.0
603,26,August,8,2019,172.3,507.2,10.31,1.0
604,27,August,8,2019,171.6,701.5,10.07,1.0
605,28,August,8,2019,171.5,644.1,10.23,1.0
606,29,August,8,2019,172.1,378.8,10.71,1.0
607,30,August,8,2019,172.2,321.2,12.79,1.0
608,31,August,8,2019,169.5,324.1,12.6175,1.0
609,1,September,9,2019,171.7,254.4,12.445,0.8
610,2,September,9,2019,172.5,282.6,12.272499999999999,0.8
611,3,September,9,2019,173.8,445.1,12.1,0.8
612,4,September,9,2019,173.4,372.6,11.96,0.8
613,5,September,9,2019,172.7,427.4,12.235,0.8
614,6,September,9,2019,172.5,618.6,12.35,0.8
615,7,September,9,2019,172.2,454.1,12.31,0.8
616,8,September,9,2019,171.6,454.5,12.27,0.8
617,9,September,9,2019,171.8,832.6,12.23,0.8
618,10,September,9,2019,172.2,534.4,14.405,0.8
619,11,September,9,2019,170.4,356.2,14.36,0.8
620,12,September,9,2019,168.1,299.5,14.46,0.8
621,13,September,9,2019,169.1,371.5,14.71,0.8
622,14,September,9,2019,154.1,341.8,14.92,0.8
623,15,September,9,2019,153.9,220.0,15.13,0.8
624,16,September,9,2019,156.0,300.6,15.34,0.8
625,17,September,9,2019,156.0,357.1,13.44,0.8
626,18,September,9,2019,164.0,795.8,12.435,0.8
627,19,September,9,2019,166.3,1094.2,12.26,0.8
628,20,September,9,2019,165.3,659.0,12.71,0.8
629,21,September,9,2019,166.3,270.8,12.555,0.8
630,22,September,9,2019,171.4,244.1,12.4,0.8
631,23,September,9,2019,169.0,605.7,12.245,0.8
632,24,September,9,2019,165.2,699.0,12.34,0.8
633,25,September,9,2019,163.5,1037.7,11.95,0.8
634,26,September,9,2019,162.6,453.8,12.04,0.8
635,27,September,9,2019,168.3,293.9,11.94,0.8
636,28,September,9,2019,173.2,199.1,13.423333333333334,0.8
637,29,September,9,2019,173.7,200.0,14.906666666666666,0.8
638,30,September,9,2019,166.7,238.4,16.39,0.8
639,1,October,10,2019,168.2,317.0,16.76,0.7
640,2,October,10,2019,168.5,505.0,16.005,0.7
641,3,October,10,2019,168.3,933.0,16.01,0.7
642,4,October,10,2019,166.9,1020.9,15.77,0.7
643,5,October,10,2019,167.5,298.2,15.681666666666667,0.7
644,6,October,10,2019,168.6,316.8,15.593333333333334,0.7
645,7,October,10,2019,168.4,862.4,15.505,0.7
646,8,October,10,2019,172.0,745.2,15.64,0.7
647,9,October,10,2019,173.1,871.4,15.57,0.7
648,10,October,10,2019,170.5,653.1,15.85,0.7
649,11,October,10,2019,169.8,549.6,16.135,0.7
650,12,October,10,2019,165.9,452.6,16.103333333333335,0.7
651,13,October,10,2019,165.9,150.7,16.071666666666665,0.7
652,14,October,10,2019,167.5,307.8,16.04,0.7
653,15,October,10,2019,168.5,277.7,16.07,0.7
654,16,October,10,2019,169.4,289.3,16.07,0.7
655,17,October,10,2019,169.4,498.5,16.02,0.7
656,18,October,10,2019,168.8,691.9,15.965,0.7
657,19,October,10,2019,168.1,225.4,15.846666666666666,0.7
658,20,October,10,2019,168.0,223.6,15.728333333333333,0.7
659,21,October,10,2019,170.1,468.2,15.61,0.7
660,22,October,10,2019,170.2,651.3,15.6,0.7
661,23,October,10,2019,169.9,476.8,15.41,0.7
662,24,October,10,2019,169.8,371.1,15.655,0.7
663,25,October,10,2019,168.4,403.6,15.23,0.7
664,26,October,10,2019,166.9,148.0,14.950000000000001,0.7
665,27,October,10,2019,168.1,180.5,14.67,0.7
666,28,October,10,2019,170.7,828.5,14.39,0.7
667,29,October,10,2019,171.9,1524.6,13.84,0.7
668,30,October,10,2019,175.9,1712.1,13.78,0.7
669,31,October,10,2019,177.6,2098.3,16.14,0.7
670,1,November,11,2019,176.7,838.8,16.18,1.0
671,2,November,11,2019,173.9,381.2,16.28,1.0
672,3,November,11,2019,172.5,267.6,16.38,1.0
673,4,November,11,2019,173.3,329.4,16.48,1.0
674,5,November,11,2019,174.1,608.3,16.79,1.0
675,6,November,11,2019,175.7,556.5,16.28,1.0
676,7,November,11,2019,174.5,722.0,16.12,1.0
677,8,November,11,2019,171.2,1192.8,15.94,1.0
678,9,November,11,2019,175.6,710.1,15.91,1.0
679,10,November,11,2019,175.4,754.4,15.879999999999999,1.0
680,11,November,11,2019,174.7,1750.1,15.85,1.0
681,12,November,11,2019,176.6,2163.7,15.54,1.0
682,13,November,11,2019,176.8,2367.7,15.45,1.0
683,14,November,11,2019,174.1,2606.3,15.67,1.0
684,15,November,11,2019,174.4,2484.9,15.715,1.0
685,16,November,11,2019,171.6,1831.3,15.553333333333333,1.0
686,17,November,11,2019,170.6,1662.0,15.391666666666667,1.0
687,18,November,11,2019,173.3,2906.5,15.23,1.0
688,19,November,11,2019,174.4,3864.5,15.29,1.0
689,20,November,11,2019,173.9,4013.0,15.59,1.0
690,21,November,11,2019,173.7,4222.8,15.62,1.0
691,22,November,11,2019,174.2,2794.1,16.05,1.0
692,23,November,11,2019,173.0,1520.9,16.11,1.0
693,24,November,11,2019,174.5,1323.2,16.17,1.0
694,25,November,11,2019,177.1,2209.6,16.23,1.0
695,26,November,11,2019,176.0,1730.6,15.85,1.0
696,27,November,11,2019,176.0,1826.4,15.98,1.0
697,28,November,11,2019,176.8,1358.9,16.155,1.0
698,29,November,11,2019,177.9,1721.0,16.33,1.0
699,30,November,11,2019,175.6,2106.5,16.156666666666666,1.0
700,1,December,12,2019,173.4,2484.1,15.983333333333333,1.3
701,2,December,12,2019,172.6,3881.9,15.81,1.3
702,3,December,12,2019,173.1,3976.6,15.77,1.3
703,4,December,12,2019,176.2,4492.0,15.88,1.3
704,5,December,12,2019,174.8,4688.7,15.41,1.3
705,6,December,12,2019,173.0,4133.4,15.14,1.3
706,7,December,12,2019,173.5,2532.6,15.056666666666667,1.3
707,8,December,12,2019,174.2,1828.5,14.973333333333334,1.3
708,9,December,12,2019,175.0,3585.1,14.89,1.3
709,10,December,12,2019,176.0,4244.0,14.53,1.3
710,11,December,12,2019,175.2,4918.4,14.04,1.3
711,12,December,12,2019,175.6,5192.8,14.77,1.3
712,13,December,12,2019,176.1,4199.2,13.8,1.3
713,14,December,12,2019,175.4,2529.2,13.83,1.3
714,15,December,12,2019,174.5,2339.5,13.860000000000001,1.3
715,16,December,12,2019,176.1,3296.3,13.89,1.3
716,17,December,12,2019,176.5,3051.0,14.46,1.3
717,18,December,12,2019,174.7,2535.0,14.95,1.3
718,19,December,12,2019,176.1,1853.5,15.005,1.3
719,20,December,12,2019,175.5,1619.8,14.235,1.3
720,21,December,12,2019,174.7,1193.8,13.831666666666667,1.3
721,22,December,12,2019,174.0,1285.8,13.428333333333333,1.3
722,23,December,12,2019,172.9,1509.3,13.025,1.3
723,24,December,12,2019,167.5,1299.5,12.61,1.3
724,25,December,12,2019,173.6,1032.4,12.6075,1.3
725,26,December,12,2019,177.1,1439.5,12.605,1.3
726,27,December,12,2019,176.8,2333.4,12.77,1.3
727,28,December,12,2019,174.2,2643.4,12.61,1.3
728,29,December,12,2019,172.3,3114.3,12.45,1.3
729,30,December,12,2019,172.0,3751.5,12.29,1.3
730,31,December,12,2019,174.9,3624.2,12.05,1.3
731,1,January,1,2020,196.9,4647.2,12.06,1.4
732,2,January,1,2020,196.9,5797.1,12.07,1.4
733,3,January,1,2020,194.8,4808.8,12.98,1.4
734,4,January,1,2020,192.2,4589.0,12.746666666666666,1.4
735,5,January,1,2020,196.5,4718.3,12.513333333333334,1.4
736,6,January,1,2020,197.4,6042.5,12.28,1.4
737,7,January,1,2020,193.8,6625.1,11.93,1.4
738,8,January,1,2020,198.5,6186.4,11.965,1.4
739,9,January,1,2020,185.2,5871.8,12.18,1.4
740,10,January,1,2020,192.3,5476.4,11.94,1.4
741,11,January,1,2020,190.1,5160.9,11.978333333333333,1.4
742,12,January,1,2020,187.1,5038.9,12.016666666666666,1.4
743,13,January,1,2020,189.0,5900.4,12.055,1.4
744,14,January,1,2020,188.0,6146.3,11.3,1.4
745,15,January,1,2020,197.2,6155.7,11.18,1.4
746,16,January,1,2020,191.7,6381.9,11.12,1.4
747,17,January,1,2020,193.5,6441.6,10.93,1.4
748,18,January,1,2020,196.7,6392.6,10.89125,1.4
749,19,January,1,2020,194.5,7007.2,10.8525,1.4
750,20,January,1,2020,193.5,8365.7,10.81375,1.4
751,21,January,1,2020,196.6,8851.6,10.775,1.4
752,22,January,1,2020,199.3,8710.9,10.46,1.4
753,23,January,1,2020,196.1,8541.8,10.43,1.4
754,24,January,1,2020,188.2,8558.5,10.46,1.4
755,25,January,1,2020,187.1,7095.0,10.483333333333334,1.4
756,26,January,1,2020,184.9,6258.7,10.506666666666666,1.4
757,27,January,1,2020,183.6,7122.7,10.53,1.4
758,28,January,1,2020,187.1,7499.1,10.79,1.4
759,29,January,1,2020,185.6,7405.7,10.15,1.4
760,30,January,1,2020,183.0,6669.9,9.78,1.4
761,31,January,1,2020,184.1,5060.7,9.755,1.4
762,1,February,2,2020,182.9,3315.0,9.573333333333334,1.2
763,2,February,2,2020,187.7,3064.1,9.391666666666667,1.2
764,3,February,2,2020,184.3,4488.7,9.21,1.2
765,4,February,2,2020,185.7,5309.6,9.365,1.2
766,5,February,2,2020,187.4,6490.2,9.31,1.2
767,6,February,2,2020,191.6,7267.6,9.15,1.2
768,7,February,2,2020,188.3,5993.0,9.07,1.2
769,8,February,2,2020,191.5,4853.4,8.928333333333333,1.2
770,9,February,2,2020,188.7,3865.6,8.786666666666667,1.2
771,10,February,2,2020,187.2,4647.2,8.645,1.2
772,11,February,2,2020,187.4,5467.4,8.555,1.2
773,12,February,2,2020,186.5,5764.8,8.72,1.2
774,13,February,2,2020,186.5,6156.4,8.89,1.2
775,14,February,2,2020,189.0,5134.7,8.88,1.2
776,15,February,2,2020,187.9,2911.8,9.005,1.2
777,16,February,2,2020,185.0,2503.2,9.13,1.2
778,17,February,2,2020,183.9,3894.3,9.255,1.2
779,18,February,2,2020,185.1,4656.1,9.38,1.2
780,19,February,2,2020,184.1,5094.8,9.57,1.2
781,20,February,2,2020,185.6,4788.2,9.56,1.2
782,21,February,2,2020,185.2,4572.7,9.41,1.2
783,22,February,2,2020,184.9,3161.7,9.288333333333334,1.2
784,23,February,2,2020,186.0,2664.9,9.166666666666666,1.2
785,24,February,2,2020,184.9,3739.6,9.045,1.2
786,25,February,2,2020,186.7,3943.4,9.01,1.2
787,26,February,2,2020,186.1,5957.6,9.07,1.2
788,27,February,2,2020,185.2,6563.0,8.87,1.2
789,28,February,2,2020,185.6,5531.2,8.875,1.2
790,29,February,2,2020,186.0,3389.7,8.878333333333334,1.2
791,1,March,3,2020,185.0,3343.0,8.881666666666666,0.7
792,2,March,3,2020,186.3,5064.9,8.885,0.7
793,3,March,3,2020,187.9,5065.6,9.17,0.7
794,4,March,3,2020,187.2,5459.5,8.91,0.7
795,5,March,3,2020,187.1,5190.4,8.85,0.7
796,6,March,3,2020,189.5,4479.0,8.645,0.7
797,7,March,3,2020,188.1,2991.5,8.636666666666667,0.7
798,8,March,3,2020,187.4,2527.2,8.628333333333332,0.7
799,9,March,3,2020,187.6,3866.7,8.62,0.7
800,10,March,3,2020,192.5,3235.5,8.99,0.7
801,11,March,3,2020,194.8,2496.5,9.37,0.7
802,12,March,3,2020,193.8,2250.3,9.32,0.7
803,13,March,3,2020,188.5,3025.9,9.29,0.7
804,14,March,3,2020,188.9,2474.2,9.106666666666666,0.7
805,15,March,3,2020,188.0,1979.7,8.923333333333334,0.7
806,16,March,3,2020,190.5,2684.7,8.74,0.7
807,17,March,3,2020,189.5,2209.7,8.47,0.7
808,18,March,3,2020,190.1,1882.7,8.27,0.7
809,19,March,3,2020,190.7,2008.9,8.54,0.7
810,20,March,3,2020,192.2,1783.5,8.295,0.7
811,21,March,3,2020,191.4,1754.9,8.146666666666667,0.7
812,22,March,3,2020,191.0,2205.6,7.998333333333333,0.7
813,23,March,3,2020,190.0,3279.6,7.85,0.7
814,24,March,3,2020,196.5,3188.3,7.91,0.7
815,25,March,3,2020,195.2,3426.4,7.75,0.7
816,26,March,3,2020,196.1,3237.8,7.575,0.7
817,27,March,3,2020,193.8,2103.0,7.22,0.7
818,28,March,3,2020,192.7,1283.3,7.109999999999999,0.7
819,29,March,3,2020,190.4,1964.8,7.0,0.7
820,30,March,3,2020,192.7,3625.7,6.89,0.7
821,31,March,3,2020,189.6,3994.4,6.9,0.7
822,1,April,4,2020,192.4,2602.8,6.825,0.3
823,2,April,4,2020,197.9,1784.5,6.93,0.3
824,3,April,4,2020,201.6,1494.0,6.92,0.3
825,4,April,4,2020,194.0,732.8,7.043333333333333,0.3
826,5,April,4,2020,192.2,509.7,7.166666666666667,0.3
827,6,April,4,2020,190.9,480.0,7.29,0.3
828,7,April,4,2020,192.4,415.0,7.29,0.3
829,8,April,4,2020,191.6,332.9,7.26,0.3
830,9,April,4,2020,190.6,246.5,7.28,0.3
831,10,April,4,2020,189.2,176.2,7.28,0.3
832,11,April,4,2020,188.5,126.3,7.28,0.3
833,12,April,4,2020,187.4,108.9,7.28,0.3
834,13,April,4,2020,186.8,197.2,7.28,0.3
835,14,April,4,2020,188.5,592.6,6.88,0.3
836,15,April,4,2020,189.7,602.1,6.65,0.3
837,16,April,4,2020,191.3,285.3,6.905,0.3
838,17,April,4,2020,190.9,231.4,7.0,0.3
839,18,April,4,2020,190.8,301.9,6.873333333333333,0.3
840,19,April,4,2020,189.5,220.5,6.746666666666667,0.3
841,20,April,4,2020,187.9,291.7,6.62,0.3
842,21,April,4,2020,189.0,188.5,6.32,0.3
843,22,April,4,2020,191.0,329.2,6.22,0.3
844,23,April,4,2020,189.4,134.3,6.055,0.3
845,24,April,4,2020,187.7,150.4,5.77,0.3
846,25,April,4,2020,187.3,223.9,5.826666666666666,0.3
847,26,April,4,2020,185.7,211.1,5.883333333333334,0.3
848,27,April,4,2020,186.2,281.0,5.94,0.3
849,28,April,4,2020,187.9,592.8,6.145,0.3
850,29,April,4,2020,185.2,413.6,6.015,0.3
851,30,April,4,2020,185.2,321.0,6.22,0.3
852,1,May,5,2020,184.8,530.8,5.845,0.1
853,2,May,5,2020,188.4,364.8,5.81,0.1
854,3,May,5,2020,188.4,448.8,5.775,0.1
855,4,May,5,2020,189.8,372.5,5.74,0.1
856,5,May,5,2020,191.8,433.6,5.675,0.1
857,6,May,5,2020,193.2,585.4,5.76,0.1
858,7,May,5,2020,191.6,301.9,5.84,0.1
859,8,May,5,2020,192.3,248.8,5.83,0.1
860,9,May,5,2020,192.9,115.7,5.788333333333333,0.1
861,10,May,5,2020,191.7,131.3,5.746666666666667,0.1
862,11,May,5,2020,192.5,556.1,5.705,0.1
863,12,May,5,2020,196.5,1333.9,5.315,0.1
864,13,May,5,2020,194.6,1149.8,5.12,0.1
865,14,May,5,2020,196.8,1002.8,5.26,0.1
866,15,May,5,2020,198.8,620.1,5.22,0.1
867,16,May,5,2020,200.2,329.5,5.12,0.1
868,17,May,5,2020,197.2,167.3,5.02,0.1
869,18,May,5,2020,196.8,269.0,4.92,0.1
870,19,May,5,2020,195.5,407.2,4.61,0.1
871,20,May,5,2020,196.7,261.0,4.46,0.1
872,21,May,5,2020,196.2,301.5,3.83,0.1
873,22,May,5,2020,192.8,255.1,3.89,0.1
874,23,May,5,2020,193.0,329.1,3.9475000000000002,0.1
875,24,May,5,2020,193.3,451.3,4.005,0.1
876,25,May,5,2020,191.6,439.3,4.0625,0.1
877,26,May,5,2020,192.8,386.2,4.12,0.1
878,27,May,5,2020,193.0,766.7,3.695,0.1
879,28,May,5,2020,192.4,674.0,3.51,0.1
880,29,May,5,2020,193.7,430.7,4.38,0.1
881,30,May,5,2020,192.2,246.7,4.27,0.1
882,31,May,5,2020,192.0,228.8,4.16,0.1
883,1,June,6,2020,188.4,330.0,4.05,0.3
884,2,June,6,2020,192.6,303.2,4.85,0.3
885,3,June,6,2020,190.4,318.9,5.33,0.3
886,4,June,6,2020,190.7,360.0,5.39,0.3
887,5,June,6,2020,191.0,348.6,5.71,0.3
888,6,June,6,2020,192.6,215.1,5.556666666666667,0.3
889,7,June,6,2020,191.8,161.0,5.403333333333333,0.3
890,8,June,6,2020,189.5,656.4,5.25,0.3
891,9,June,6,2020,195.6,878.8,4.8,0.3
892,10,June,6,2020,198.3,692.7,4.8,0.3
893,11,June,6,2020,195.6,446.2,4.99,0.3
894,12,June,6,2020,194.9,427.7,5.28,0.3
895,13,June,6,2020,194.4,154.3,5.358333333333333,0.3
896,14,June,6,2020,195.7,195.7,5.4366666666666665,0.3
897,15,June,6,2020,194.4,443.3,5.515,0.3
898,16,June,6,2020,194.2,608.9,5.26,0.3
899,17,June,6,2020,192.7,640.2,5.21,0.3
900,18,June,6,2020,193.3,504.5,5.45,0.3
901,19,June,6,2020,197.8,398.7,5.615,0.3
902,20,June,6,2020,193.9,321.3,5.576666666666667,0.3
903,21,June,6,2020,198.0,252.9,5.538333333333333,0.3
904,22,June,6,2020,197.0,320.3,5.5,0.3
905,23,June,6,2020,196.4,366.8,5.83,0.3
906,24,June,6,2020,174.8,366.0,5.665,0.3
907,25,June,6,2020,178.5,323.4,5.25,0.3
908,26,June,6,2020,179.2,214.6,5.11,0.3
909,27,June,6,2020,180.5,142.3,5.3533333333333335,0.3
910,28,June,6,2020,179.2,112.2,5.596666666666667,0.3
911,29,June,6,2020,180.1,250.7,5.84,0.3
912,30,June,6,2020,180.1,349.8,6.165,0.3
913,1,July,7,2020,197.2,515.6,5.865,0.4
914,2,July,7,2020,198.9,355.6,5.95,0.4
915,3,July,7,2020,198.1,255.4,5.98625,0.4
916,4,July,7,2020,197.8,194.2,6.0225,0.4
917,5,July,7,2020,196.8,203.1,6.05875,0.4
918,6,July,7,2020,197.1,712.2,6.095,0.4
919,7,July,7,2020,198.2,1125.3,6.12,0.4
920,8,July,7,2020,200.6,1316.6,5.93,0.4
921,9,July,7,2020,198.6,1229.2,5.755,0.4
922,10,July,7,2020,198.0,827.7,5.475,0.4
923,11,July,7,2020,198.0,163.0,5.3533333333333335,0.4
924,12,July,7,2020,194.8,132.7,5.2316666666666665,0.4
925,13,July,7,2020,194.9,299.5,5.11,0.4
926,14,July,7,2020,166.6,1597.8,5.085,0.4
927,15,July,7,2020,30.9,1876.5,5.225,0.4
928,16,July,7,2020,30.8,1870.0,5.06,0.4
929,17,July,7,2020,31.3,1788.7,5.12,0.4
930,18,July,7,2020,30.0,1564.3,4.99,0.4
931,19,July,7,2020,29.2,1461.0,4.86,0.4
932,20,July,7,2020,28.8,1673.9,4.73,0.4
933,21,July,7,2020,27.9,1957.9,4.79,0.4
934,22,July,7,2020,29.1,1854.0,4.83,0.4
935,23,July,7,2020,27.8,1764.9,4.985,0.4
936,24,July,7,2020,28.3,1529.6,5.01,0.4
937,25,July,7,2020,29.4,1347.2,4.9366666666666665,0.4
938,26,July,7,2020,68.8,439.1,4.863333333333333,0.4
939,27,July,7,2020,192.8,577.9,4.79,0.4
940,28,July,7,2020,185.8,508.6,4.96,0.4
941,29,July,7,2020,184.9,612.5,5.175,0.4
942,30,July,7,2020,185.2,617.8,5.225,0.4
943,31,July,7,2020,177.0,450.5,6.025,0.4
944,1,August,8,2020,173.4,276.7,6.283333333333333,-0.2
945,2,August,8,2020,179.1,278.1,6.541666666666667,-0.2
946,3,August,8,2020,199.9,492.7,6.8,-0.2
947,4,August,8,2020,199.1,670.2,7.36,-0.2
948,5,August,8,2020,199.4,611.2,7.32,-0.2
949,6,August,8,2020,203.7,654.0,7.94,-0.2
950,7,August,8,2020,203.2,571.3,7.93,-0.2
951,8,August,8,2020,203.1,308.7,7.816666666666666,-0.2
952,9,August,8,2020,203.6,235.4,7.703333333333333,-0.2
953,10,August,8,2020,201.2,359.0,7.59,-0.2
954,11,August,8,2020,199.9,637.2,7.42,-0.2
955,12,August,8,2020,197.0,519.3,7.17,-0.2
956,13,August,8,2020,196.1,702.5,7.31,-0.2
957,14,August,8,2020,195.6,419.7,8.02,-0.2
958,15,August,8,2020,195.5,331.3,8.073333333333332,-0.2
959,16,August,8,2020,198.3,266.7,8.126666666666667,-0.2
960,17,August,8,2020,197.5,488.4,8.18,-0.2
961,18,August,8,2020,198.3,552.5,8.55,-0.2
962,19,August,8,2020,199.3,639.5,8.36,-0.2
963,20,August,8,2020,202.0,591.7,8.15,-0.2
964,21,August,8,2020,189.8,525.0,7.62,-0.2
965,22,August,8,2020,188.4,241.1,7.866666666666666,-0.2
966,23,August,8,2020,188.9,421.9,8.113333333333333,-0.2
967,24,August,8,2020,187.4,1013.2,8.36,-0.2
968,25,August,8,2020,191.0,771.6,8.865,-0.2
969,26,August,8,2020,193.1,898.9,9.15,-0.2
970,27,August,8,2020,192.2,1142.7,8.87,-0.2
971,28,August,8,2020,192.6,1117.3,11.17,-0.2
972,29,August,8,2020,191.4,1004.8,11.193333333333333,-0.2
973,30,August,8,2020,191.7,1054.1,11.216666666666667,-0.2
974,31,August,8,2020,189.2,1591.8,11.24,-0.2
975,1,September,9,2020,194.9,923.0,11.29,-0.3
976,2,September,9,2020,191.4,773.4,11.11,-0.3
977,3,September,9,2020,201.4,385.0,11.735,-0.3
978,4,September,9,2020,201.0,442.9,11.68,-0.3
979,5,September,9,2020,199.6,209.1,11.46,-0.3
980,6,September,9,2020,196.0,252.7,11.24,-0.3
981,7,September,9,2020,197.1,643.8,11.02,-0.3
982,8,September,9,2020,199.3,668.1,10.8,-0.3
983,9,September,9,2020,199.3,675.0,10.73,-0.3
984,10,September,9,2020,199.6,810.9,10.515,-0.3
985,11,September,9,2020,200.0,432.1,10.495,-0.3
986,12,September,9,2020,200.6,161.7,10.566666666666666,-0.3
987,13,September,9,2020,198.1,124.0,10.638333333333334,-0.3
988,14,September,9,2020,195.4,488.5,10.71,-0.3
989,15,September,9,2020,199.0,532.9,10.895,-0.3
990,16,September,9,2020,200.6,441.8,11.32,-0.3
991,17,September,9,2020,201.2,360.2,11.12,-0.3
992,18,September,9,2020,201.0,339.3,11.475,-0.3
993,19,September,9,2020,201.3,192.1,11.481666666666666,-0.3
994,20,September,9,2020,197.8,189.4,11.488333333333333,-0.3
995,21,September,9,2020,198.6,859.9,11.495,-0.3
996,22,September,9,2020,199.9,462.5,11.705,-0.3
997,23,September,9,2020,199.9,572.2,12.02,-0.3
998,24,September,9,2020,200.5,674.8,11.635,-0.3
999,25,September,9,2020,201.0,759.5,11.665,-0.3
1000,26,September,9,2020,200.7,587.8,11.893333333333333,-0.3
1001,27,September,9,2020,198.8,716.6,12.121666666666666,-0.3
1002,28,September,9,2020,197.2,1727.3,12.35,-0.3
1003,29,September,9,2020,195.5,1538.2,12.28,-0.3
1004,30,September,9,2020,182.1,1753.2,13.29,-0.3
1005,1,October,10,2020,165.1,773.1,13.18,-0.3
1006,2,October,10,2020,192.7,423.9,13.025,-0.3
1007,3,October,10,2020,195.4,378.2,13.156666666666666,-0.3
1008,4,October,10,2020,195.3,358.6,13.288333333333334,-0.3
1009,5,October,10,2020,194.5,675.7,13.42,-0.3
1010,6,October,10,2020,194.6,487.6,13.3,-0.3
1011,7,October,10,2020,194.6,659.7,13.71,-0.3
1012,8,October,10,2020,194.1,459.7,13.9,-0.3
1013,9,October,10,2020,194.1,487.8,13.755,-0.3
1014,10,October,10,2020,195.4,227.2,13.783333333333333,-0.3
1015,11,October,10,2020,194.9,416.8,13.811666666666667,-0.3
1016,12,October,10,2020,194.6,1385.8,13.84,-0.3
1017,13,October,10,2020,196.5,1700.4,13.6,-0.3
1018,14,October,10,2020,189.4,1882.4,13.87,-0.3
1019,15,October,10,2020,186.3,2267.0,14.24,-0.3
1020,16,October,10,2020,186.8,2269.5,14.5,-0.3
1021,17,October,10,2020,191.1,1529.4,14.573333333333334,-0.3
1022,18,October,10,2020,190.7,987.6,14.646666666666667,-0.3
1023,19,October,10,2020,188.7,1927.4,14.72,-0.3
1024,20,October,10,2020,191.8,1582.0,14.89,-0.3
1025,21,October,10,2020,193.8,1065.7,14.87,-0.3
1026,22,October,10,2020,198.4,1148.6,15.26,-0.3
1027,23,October,10,2020,198.4,1160.0,15.41,-0.3
1028,24,October,10,2020,195.3,499.6,15.228333333333333,-0.3
1029,25,October,10,2020,192.2,489.6,15.046666666666667,-0.3
1030,26,October,10,2020,188.3,1097.0,14.865,-0.3
1031,27,October,10,2020,189.8,2041.1,14.74,-0.3
1032,28,October,10,2020,178.9,1274.0,14.48,-0.3
1033,29,October,10,2020,179.4,1390.2,14.21,-0.3
1034,30,October,10,2020,180.1,803.2,14.06,-0.3
1035,31,October,10,2020,191.3,379.4,13.923333333333334,-0.3
1036,1,November,11,2020,191.9,740.8,13.786666666666667,-0.3
1037,2,November,11,2020,191.9,1177.0,13.65,-0.3
1038,3,November,11,2020,194.2,1643.6,13.66,-0.3
1039,4,November,11,2020,193.6,2351.9,13.885,-0.3
1040,5,November,11,2020,194.0,2676.9,14.46,-0.3
1041,6,November,11,2020,192.9,2109.4,13.9,-0.3
1042,7,November,11,2020,191.0,1259.1,13.886666666666667,-0.3
1043,8,November,11,2020,188.7,1020.5,13.873333333333333,-0.3
1044,9,November,11,2020,189.4,2539.2,13.86,-0.3
1045,10,November,11,2020,195.0,3078.1,14.04,-0.3
1046,11,November,11,2020,195.7,2514.6,14.095,-0.3
1047,12,November,11,2020,197.9,2541.2,14.0,-0.3
1048,13,November,11,2020,197.6,2404.9,14.24,-0.3
1049,14,November,11,2020,196.7,1372.6,14.323333333333334,-0.3
1050,15,November,11,2020,195.1,1175.0,14.406666666666666,-0.3
1051,16,November,11,2020,194.4,2073.8,14.49,-0.3
1052,17,November,11,2020,195.8,2237.2,13.97,-0.3
1053,18,November,11,2020,193.6,2156.3,13.68,-0.3
1054,19,November,11,2020,194.5,2778.4,13.02,-0.3
1055,20,November,11,2020,194.8,3844.2,12.895,-0.3
1056,21,November,11,2020,194.1,2874.5,13.11,-0.3
1057,22,November,11,2020,198.7,3129.0,13.325,-0.3
1058,23,November,11,2020,196.8,4228.0,13.54,-0.3
1059,24,November,11,2020,197.5,4688.5,13.9,-0.3
1060,25,November,11,2020,198.0,5526.7,13.93,-0.3
1061,26,November,11,2020,200.1,5982.1,14.205,-0.3
1062,27,November,11,2020,200.5,6083.8,14.48,-0.3
1063,28,November,11,2020,202.3,5034.4,14.700000000000001,-0.3
1064,29,November,11,2020,202.2,5442.7,14.92,-0.3
1065,30,November,11,2020,202.3,7142.2,15.14,-0.3
1066,1,December,12,2020,205.2,7427.3,14.91,-0.3
1067,2,December,12,2020,202.3,7805.6,14.905,-0.3
1068,3,December,12,2020,202.6,7495.7,14.145,-0.3
1069,4,December,12,2020,201.4,6926.7,14.645,-0.3
1070,5,December,12,2020,201.3,5699.0,14.549999999999999,-0.3
1071,6,December,12,2020,200.2,5418.2,14.455,-0.3
1072,7,December,12,2020,198.7,6974.2,14.36,-0.3
1073,8,December,12,2020,200.7,6584.0,14.445,-0.3
1074,9,December,12,2020,200.4,7776.1,14.73,-0.3
1075,10,December,12,2020,200.5,7782.3,15.54,-0.3
1076,11,December,12,2020,198.7,7000.6,15.96,-0.3
1077,12,December,12,2020,200.9,5506.9,16.175,-0.3
1078,13,December,12,2020,198.3,4673.2,16.39,-0.3
1079,14,December,12,2020,198.7,5394.6,16.605,-0.3
1080,15,December,12,2020,204.0,5474.0,17.225,-0.3
1081,16,December,12,2020,204.2,5180.5,16.38,-0.3
1082,17,December,12,2020,202.2,5077.4,15.94,-0.3
1083,18,December,12,2020,203.3,4803.0,15.885,-0.3
1084,19,December,12,2020,200.5,3720.5,16.188333333333333,-0.3
1085,20,December,12,2020,200.2,3949.6,16.491666666666667,-0.3
1086,21,December,12,2020,197.9,4862.1,16.795,-0.3
1087,22,December,12,2020,198.3,4269.6,17.64,-0.3
1088,23,December,12,2020,198.1,3569.6,17.5,-0.3
1089,24,December,12,2020,198.1,2932.6,17.65,-0.3
1090,25,December,12,2020,198.1,3524.2,18.025,-0.3
1091,26,December,12,2020,196.5,4042.4,18.4,-0.3
1092,27,December,12,2020,196.0,4692.0,18.775,-0.3
1093,28,December,12,2020,193.9,6029.8,19.15,-0.3
1094,29,December,12,2020,195.0,5998.9,18.775,-0.3
1095,30,December,12,2020,194.0,6234.8,19.0,-0.3
1096,31,December,12,2020,196.7,5425.3,19.12,-0.3
1097,1,January,1,2021,194.8,5630.3,19.3,0.9
1098,2,January,1,2021,196.7,6228.5,19.48,0.9
1099,3,January,1,2021,199.0,6462.0,19.66,0.9
1100,4,January,1,2021,195.8,8599.9,19.84,0.9
1101,5,January,1,2021,198.2,9225.0,18.0,0.9
1102,6,January,1,2021,199.2,9296.6,17.565,0.9
1103,7,January,1,2021,200.4,9874.4,19.305,0.9
1104,8,January,1,2021,201.0,9941.0,20.12,0.9
1105,9,January,1,2021,200.3,8901.2,20.78666666666667,0.9
1106,10,January,1,2021,199.7,8670.3,21.453333333333333,0.9
1107,11,January,1,2021,203.2,10167.9,22.12,0.9
1108,12,January,1,2021,204.8,9855.0,26.16,0.9
1109,13,January,1,2021,208.8,9739.6,21.5,0.9
1110,14,January,1,2021,211.0,10070.3,21.34,0.9
1111,15,January,1,2021,215.8,10763.0,20.2,0.9
1112,16,January,1,2021,215.3,9602.8,20.23125,0.9
1113,17,January,1,2021,214.5,9222.4,20.2625,0.9
1114,18,January,1,2021,214.2,10436.8,20.29375,0.9
1115,19,January,1,2021,212.4,9172.5,20.325,0.9
1116,20,January,1,2021,211.6,7568.7,20.26,0.9
1117,21,January,1,2021,210.9,6964.7,20.065,0.9
1118,22,January,1,2021,208.2,7145.1,21.48,0.9
1119,23,January,1,2021,205.3,6416.4,21.04,0.9
1120,24,January,1,2021,204.2,6780.7,20.6,0.9
1121,25,January,1,2021,206.9,9069.2,20.16,0.9
1122,26,January,1,2021,208.9,8902.2,19.51,0.9
1123,27,January,1,2021,209.9,8949.2,19.7,0.9
1124,28,January,1,2021,210.5,7834.0,20.91,0.9
1125,29,January,1,2021,209.6,6688.3,19.82,0.9
1126,30,January,1,2021,207.2,6304.2,19.26,0.9
1127,31,January,1,2021,207.3,6686.4,18.7,0.9
1128,1,February,2,2021,209.9,8359.7,18.14,0.9
1129,2,February,2,2021,209.8,6915.9,18.25,0.9
1130,3,February,2,2021,206.7,5605.4,17.855,0.9
1131,4,February,2,2021,209.6,6103.5,18.12,0.9
1132,5,February,2,2021,208.8,5792.6,18.38,0.9
1133,6,February,2,2021,208.0,4997.8,18.98,0.9
1134,7,February,2,2021,203.7,6247.2,19.58,0.9
1135,8,February,2,2021,205.8,9368.1,20.18,0.9
1136,9,February,2,2021,205.6,10067.7,19.05,0.9
1137,10,February,2,2021,208.4,10255.4,18.56,0.9
1138,11,February,2,2021,211.6,10228.4,17.375,0.9
1139,12,February,2,2021,212.8,10299.1,17.62,0.9
1140,13,February,2,2021,214.0,9673.6,17.39375,0.9
1141,14,February,2,2021,211.3,8710.3,17.1675,0.9
1142,15,February,2,2021,211.8,8977.2,16.94125,0.9
1143,16,February,2,2021,214.0,6850.8,16.715,0.9
1144,17,February,2,2021,217.3,5550.1,16.54,0.9
1145,18,February,2,2021,217.3,5093.6,17.33,0.9
1146,19,February,2,2021,211.5,5007.4,16.55,0.9
1147,20,February,2,2021,206.9,3652.4,16.353333333333335,0.9
1148,21,February,2,2021,204.7,3067.7,16.156666666666666,0.9
1149,22,February,2,2021,209.5,4434.0,15.96,0.9
1150,23,February,2,2021,208.8,3870.7,16.25,0.9
1151,24,February,2,2021,205.9,3302.5,16.38,0.9
1152,25,February,2,2021,201.3,3461.4,15.935,0.9
1153,26,February,2,2021,202.8,3449.2,15.695,0.9
1154,27,February,2,2021,199.7,2665.0,15.823333333333332,0.9
1155,28,February,2,2021,198.3,2956.8,15.951666666666666,0.9
1156,1,March,3,2021,206.4,4309.8,16.08,1.3
1157,2,March,3,2021,207.4,4066.7,15.87,1.3
1158,3,March,3,2021,206.9,4025.9,15.53,1.3
1159,4,March,3,2021,208.5,4566.9,15.93,1.3
1160,5,March,3,2021,210.8,4935.1,16.365,1.3
1161,6,March,3,2021,207.4,3806.7,16.293333333333333,1.3
1162,7,March,3,2021,206.7,3899.7,16.221666666666664,1.3
1163,8,March,3,2021,208.3,5316.3,16.15,1.3
1164,9,March,3,2021,210.6,5165.2,16.93,1.3
1165,10,March,3,2021,211.7,3979.2,17.63,1.3
1166,11,March,3,2021,211.9,2975.1,18.125,1.3
1167,12,March,3,2021,209.9,2581.8,18.45,1.3
1168,13,March,3,2021,205.2,2157.2,18.276666666666667,1.3
1169,14,March,3,2021,201.7,2224.1,18.10333333333333,1.3
1170,15,March,3,2021,206.5,3199.2,17.93,1.3
1171,16,March,3,2021,210.0,3632.3,17.66,1.3
1172,17,March,3,2021,211.5,3824.6,17.97,1.3
1173,18,March,3,2021,212.6,4236.5,17.76,1.3
1174,19,March,3,2021,211.8,4002.2,17.265,1.3
1175,20,March,3,2021,209.4,3117.1,17.525000000000002,1.3
1176,21,March,3,2021,208.2,2575.4,17.785,1.3
1177,22,March,3,2021,213.8,3746.4,18.045,1.3
1178,23,March,3,2021,213.8,3232.4,18.39,1.3
1179,24,March,3,2021,215.0,2665.3,18.59,1.3
1180,25,March,3,2021,215.5,2111.4,18.36,1.3
1181,26,March,3,2021,218.5,1341.9,18.7,1.3
1182,27,March,3,2021,210.7,1206.2,18.616666666666667,1.3
1183,28,March,3,2021,211.1,1130.4,18.53333333333333,1.3
1184,29,March,3,2021,208.7,1245.0,18.45,1.3
1185,30,March,3,2021,209.5,1025.9,18.8,1.3
1186,31,March,3,2021,208.7,1599.8,18.995,1.3
1187,1,April,4,2021,206.6,364.7,19.17,1.6
1188,2,April,4,2021,206.4,513.3,19.17,1.6
1189,3,April,4,2021,204.4,541.5,19.17,1.6
1190,4,April,4,2021,203.9,536.6,19.17,1.6
1191,5,April,4,2021,206.8,1090.4,19.17,1.6
1192,6,April,4,2021,208.1,2860.1,19.78,1.6
1193,7,April,4,2021,210.3,3475.7,19.29,1.6
1194,8,April,4,2021,210.3,3093.8,18.99,1.6
1195,9,April,4,2021,211.4,2339.8,18.94,1.6
1196,10,April,4,2021,208.9,1434.8,19.176666666666666,1.6
1197,11,April,4,2021,206.2,1485.2,19.413333333333334,1.6
1198,12,April,4,2021,209.0,3442.4,19.65,1.6
1199,13,April,4,2021,210.2,3745.5,19.51,1.6
1200,14,April,4,2021,207.6,3395.1,19.68,1.6
1201,15,April,4,2021,208.6,3010.6,20.26,1.6
1202,16,April,4,2021,208.8,2258.0,20.54,1.6
1203,17,April,4,2021,207.8,1202.2,20.673333333333332,1.6
1204,18,April,4,2021,207.5,994.9,20.80666666666667,1.6
1205,19,April,4,2021,208.4,1426.9,20.94,1.6
1206,20,April,4,2021,208.5,1202.9,21.07,1.6
1207,21,April,4,2021,206.4,687.0,21.11,1.6
1208,22,April,4,2021,207.1,760.6,21.37,1.6
1209,23,April,4,2021,207.1,627.9,20.045,1.6
1210,24,April,4,2021,207.5,284.2,20.03,1.6
1211,25,April,4,2021,206.1,292.8,20.015,1.6
1212,26,April,4,2021,208.2,602.1,20.0,1.6
1213,27,April,4,2021,209.4,666.4,21.405,1.6
1214,28,April,4,2021,209.2,606.8,21.555,1.6
1215,29,April,4,2021,209.5,670.6,22.5,1.6
1216,30,April,4,2021,206.9,905.5,23.285,1.6
1217,1,May,5,2021,203.9,352.5,23.463333333333335,2.0
1218,2,May,5,2021,204.7,371.7,23.641666666666666,2.0
1219,3,May,5,2021,207.4,914.6,23.82,2.0
1220,4,May,5,2021,206.7,804.2,23.05,2.0
1221,5,May,5,2021,210.2,1415.7,23.96,2.0
1222,6,May,5,2021,212.4,1788.7,24.33,2.0
1223,7,May,5,2021,212.4,1412.3,23.94,2.0
1224,8,May,5,2021,215.3,241.5,24.35666666666667,2.0
1225,9,May,5,2021,210.3,130.4,24.773333333333333,2.0
1226,10,May,5,2021,216.3,177.2,25.19,2.0
1227,11,May,5,2021,216.7,266.4,25.805,2.0
1228,12,May,5,2021,217.6,327.1,26.42,2.0
1229,13,May,5,2021,218.4,255.1,26.25,2.0
1230,14,May,5,2021,209.7,270.5,26.83,2.0
1231,15,May,5,2021,207.4,411.4,26.656666666666666,2.0
1232,16,May,5,2021,207.3,395.9,26.48333333333333,2.0
1233,17,May,5,2021,208.6,775.5,26.31,2.0
1234,18,May,5,2021,204.7,994.4,24.81,2.0
1235,19,May,5,2021,209.7,846.1,22.66,2.0
1236,20,May,5,2021,209.5,570.3,24.68,2.0
1237,21,May,5,2021,213.2,337.2,24.795,2.0
1238,22,May,5,2021,217.2,325.6,24.783333333333335,2.0
1239,23,May,5,2021,215.4,293.3,24.77166666666667,2.0
1240,24,May,5,2021,216.8,364.2,24.76,2.0
1241,25,May,5,2021,220.6,636.5,26.19,2.0
1242,26,May,5,2021,220.6,664.3,26.43,2.0
1243,27,May,5,2021,220.1,854.2,25.2,2.0
1244,28,May,5,2021,218.6,472.1,24.93,2.0
1245,29,May,5,2021,218.6,152.9,25.19125,2.0
1246,30,May,5,2021,217.2,194.4,25.4525,2.0
1247,31,May,5,2021,219.7,199.0,25.71375,2.0
1248,1,June,6,2021,215.5,218.8,25.975,1.9
1249,2,June,6,2021,210.9,198.3,25.725,1.9
1250,3,June,6,2021,211.7,122.9,25.7,1.9
1251,4,June,6,2021,210.1,111.3,25.8,1.9
1252,5,June,6,2021,202.5,105.9,26.03,1.9
1253,6,June,6,2021,201.9,116.6,26.259999999999998,1.9
1254,7,June,6,2021,209.1,262.4,26.49,1.9
1255,8,June,6,2021,199.2,275.5,27.8,1.9
1256,9,June,6,2021,201.4,628.2,28.3,1.9
1257,10,June,6,2021,209.9,417.7,28.68,1.9
1258,11,June,6,2021,221.1,299.8,27.845,1.9
1259,12,June,6,2021,217.9,118.4,28.166666666666664,1.9
1260,13,June,6,2021,218.3,118.6,28.488333333333333,1.9
1261,14,June,6,2021,221.0,145.4,28.81,1.9
1262,15,June,6,2021,219.9,306.7,28.135,1.9
1263,16,June,6,2021,221.2,220.7,28.03,1.9
1264,17,June,6,2021,223.2,329.2,28.31,1.9
1265,18,June,6,2021,221.7,138.8,29.41,1.9
1266,19,June,6,2021,220.4,134.3,29.47833333333333,1.9
1267,20,June,6,2021,216.3,101.3,29.546666666666667,1.9
1268,21,June,6,2021,212.6,225.4,29.615,1.9
1269,22,June,6,2021,169.1,554.9,30.735,1.9
1270,23,June,6,2021,171.2,409.7,31.55,1.9
1271,24,June,6,2021,176.8,276.1,32.02,1.9
1272,25,June,6,2021,180.5,189.1,32.38,1.9
1273,26,June,6,2021,181.5,265.6,32.35,1.9
1274,27,June,6,2021,180.5,182.4,32.32,1.9
1275,28,June,6,2021,191.2,110.6,32.29,1.9
1276,29,June,6,2021,214.7,144.5,33.486,1.9
1277,30,June,6,2021,213.3,220.6,34.62,1.9
1278,1,July,7,2021,219.1,333.9,36.15,2.2
1279,2,July,7,2021,217.8,347.1,35.83,2.2
1280,3,July,7,2021,217.4,166.3,35.39875,2.2
1281,4,July,7,2021,216.0,111.6,34.9675,2.2
1282,5,July,7,2021,214.9,188.5,34.536249999999995,2.2
1283,6,July,7,2021,215.1,686.3,34.105,2.2
1284,7,July,7,2021,216.3,758.1,32.34,2.2
1285,8,July,7,2021,216.0,797.5,33.31,2.2
1286,9,July,7,2021,216.9,533.5,36.632,2.2
1287,10,July,7,2021,205.6,122.5,35.971333333333334,2.2
1288,11,July,7,2021,205.1,135.1,35.31066666666666,2.2
1289,12,July,7,2021,181.3,298.2,34.65,2.2
1290,13,July,7,2021,52.9,949.2,35.47,2.2
1291,14,July,7,2021,52.7,868.7,34.775,2.2
1292,15,July,7,2021,52.7,941.8,33.8,2.2
1293,16,July,7,2021,53.2,747.1,34.84,2.2
1294,17,July,7,2021,53.1,642.5,35.11,2.2
1295,18,July,7,2021,52.7,657.7,35.38,2.2
1296,19,July,7,2021,55.6,843.6,35.65,2.2
1297,20,July,7,2021,55.6,938.5,35.165,2.2
1298,21,July,7,2021,55.7,920.7,35.95,2.2
1299,22,July,7,2021,64.4,795.4,36.13,2.2
1300,23,July,7,2021,211.8,158.7,35.52,2.2
1301,24,July,7,2021,220.8,184.8,35.983333333333334,2.2
1302,25,July,7,2021,219.3,149.2,36.446666666666665,2.2
1303,26,July,7,2021,218.1,268.3,36.91,2.2
1304,27,July,7,2021,215.4,187.4,37.59,2.2
1305,28,July,7,2021,221.1,164.8,39.7,2.2
1306,29,July,7,2021,219.1,236.2,41.15,2.2
1307,30,July,7,2021,221.1,231.4,40.755,2.2
1308,31,July,7,2021,215.6,196.4,41.22166666666667,2.2
1309,1,August,8,2021,213.2,197.8,41.68833333333333,3.0
1310,2,August,8,2021,209.8,353.1,42.155,3.0
1311,3,August,8,2021,206.2,394.5,41.245,3.0
1312,4,August,8,2021,206.0,382.7,42.26,3.0
1313,5,August,8,2021,206.3,480.5,42.9,3.0
1314,6,August,8,2021,211.6,374.8,43.12,3.0
1315,7,August,8,2021,212.1,395.4,43.00833333333333,3.0
1316,8,August,8,2021,211.7,406.4,42.89666666666666,3.0
1317,9,August,8,2021,216.3,537.3,42.785,3.0
1318,10,August,8,2021,216.3,467.3,44.66,3.0
1319,11,August,8,2021,216.1,738.3,45.985,3.0
1320,12,August,8,2021,213.8,797.4,45.87,3.0
1321,13,August,8,2021,211.9,729.1,44.63,3.0
1322,14,August,8,2021,214.0,500.3,45.75,3.0
1323,15,August,8,2021,213.7,511.6,46.870000000000005,3.0
1324,16,August,8,2021,213.3,601.5,47.99,3.0
1325,17,August,8,2021,213.8,544.1,46.95,3.0
1326,18,August,8,2021,214.7,505.9,45.38,3.0
1327,19,August,8,2021,215.6,467.7,40.4,3.0
1328,20,August,8,2021,218.0,428.2,41.94,3.0
1329,21,August,8,2021,218.1,374.4,41.85333333333333,3.0
1330,22,August,8,2021,217.0,368.1,41.766666666666666,3.0
1331,23,August,8,2021,222.3,257.1,41.68,3.0
1332,24,August,8,2021,223.1,192.1,44.87,3.0
1333,25,August,8,2021,224.5,180.4,45.285,3.0
1334,26,August,8,2021,221.8,239.9,45.79,3.0
1335,27,August,8,2021,222.5,251.4,47.81,3.0
1336,28,August,8,2021,223.0,179.3,48.43333333333334,3.0
1337,29,August,8,2021,223.3,166.1,49.056666666666665,3.0
1338,30,August,8,2021,223.7,184.6,49.68,3.0
1339,31,August,8,2021,222.2,432.5,50.34,3.0
1340,1,September,9,2021,210.4,284.1,50.23,3.4
1341,2,September,9,2021,209.4,498.2,51.91,3.4
1342,3,September,9,2021,207.8,267.6,51.51,3.4
1343,4,September,9,2021,207.1,245.9,52.11,3.4
1344,5,September,9,2021,207.0,184.6,52.709999999999994,3.4
1345,6,September,9,2021,203.3,238.6,53.309999999999995,3.4
1346,7,September,9,2021,202.8,353.8,53.91,3.4
1347,8,September,9,2021,202.6,280.5,55.29,3.4
1348,9,September,9,2021,202.5,282.6,56.58,3.4
1349,10,September,9,2021,208.6,261.6,57.92,3.4
1350,11,September,9,2021,207.1,219.4,59.04,3.4
1351,12,September,9,2021,198.6,171.0,60.160000000000004,3.4
1352,13,September,9,2021,202.2,481.6,61.28,3.4
1353,14,September,9,2021,205.3,434.4,65.77,3.4
1354,15,September,9,2021,212.5,370.5,70.705,3.4
1355,16,September,9,2021,209.9,340.4,63.25,3.4
1356,17,September,9,2021,211.4,320.7,65.103,3.4
1357,18,September,9,2021,210.9,218.6,68.50699999999999,3.4
1358,19,September,9,2021,209.1,218.3,71.911,3.4
1359,20,September,9,2021,205.6,411.2,75.315,3.4
1360,21,September,9,2021,206.0,281.9,73.78,3.4
1361,22,September,9,2021,206.1,450.8,71.69,3.4
1362,23,September,9,2021,205.4,310.6,69.685,3.4
1363,24,September,9,2021,205.4,420.4,70.24,3.4
1364,25,September,9,2021,204.8,222.6,72.32833333333333,3.4
1365,26,September,9,2021,203.5,242.4,74.41666666666666,3.4
1366,27,September,9,2021,194.5,314.4,76.505,3.4
1367,28,September,9,2021,194.1,444.6,78.56,3.4
1368,29,September,9,2021,195.7,318.4,86.609,3.4
1369,30,September,9,2021,196.1,337.8,97.775,3.4
1370,1,October,10,2021,209.2,524.3,93.625,4.1
1371,2,October,10,2021,208.3,259.1,94.63333333333334,4.1
1372,3,October,10,2021,206.8,246.4,95.64166666666667,4.1
1373,4,October,10,2021,216.2,386.9,96.65,4.1
1374,5,October,10,2021,217.9,481.5,116.02,4.1
1375,6,October,10,2021,217.7,613.4,108.19,4.1
1376,7,October,10,2021,217.6,898.8,96.58,4.1
1377,8,October,10,2021,218.8,428.2,87.61,4.1
1378,9,October,10,2021,218.2,344.7,86.81166666666667,4.1
1379,10,October,10,2021,216.6,423.0,86.01333333333334,4.1
1380,11,October,10,2021,217.4,859.5,85.215,4.1
1381,12,October,10,2021,218.4,888.1,85.7,4.1
1382,13,October,10,2021,217.5,1342.5,93.615,4.1
1383,14,October,10,2021,211.0,1117.3,102.17,4.1
1384,15,October,10,2021,210.9,949.8,93.65,4.1
1385,16,October,10,2021,211.2,698.7,93.74666666666667,4.1
1386,17,October,10,2021,212.0,671.1,93.84333333333333,4.1
1387,18,October,10,2021,211.8,1133.8,93.94,4.1
1388,19,October,10,2021,212.6,789.0,89.93,4.1
1389,20,October,10,2021,210.9,564.7,93.45,4.1
1390,21,October,10,2021,210.8,1475.0,88.465,4.1
1391,22,October,10,2021,211.2,1370.2,87.34,4.1
1392,23,October,10,2021,212.4,1145.1,87.77333333333334,4.1
1393,24,October,10,2021,214.3,999.0,88.20666666666666,4.1
1394,25,October,10,2021,215.1,1923.2,88.64,4.1
1395,26,October,10,2021,215.8,1574.2,88.493,4.1
1396,27,October,10,2021,216.0,1260.6,86.819,4.1
1397,28,October,10,2021,215.2,1323.3,77.032,4.1
1398,29,October,10,2021,214.7,1169.5,64.865,4.1
1399,30,October,10,2021,212.6,1083.0,65.11633333333333,4.1
1400,31,October,10,2021,209.0,920.3,65.36766666666666,4.1
1401,1,November,11,2021,192.8,1690.3,65.619,4.9
1402,2,November,11,2021,192.1,3247.2,67.605,4.9
1403,3,November,11,2021,200.6,3817.6,76.542,4.9
1404,4,November,11,2021,201.6,3255.8,73.375,4.9
1405,5,November,11,2021,201.6,3123.6,74.027,4.9
1406,6,November,11,2021,200.7,2166.1,75.70933333333333,4.9
1407,7,November,11,2021,201.5,1900.7,77.39166666666667,4.9
1408,8,November,11,2021,203.6,3575.4,79.074,4.9
1409,9,November,11,2021,203.7,3551.7,72.587,4.9
1410,10,November,11,2021,203.5,3546.8,70.125,4.9
1411,11,November,11,2021,206.5,3683.2,74.79,4.9
1412,12,November,11,2021,206.8,4046.8,75.675,4.9
1413,13,November,11,2021,205.7,2713.5,77.09833333333333,4.9
1414,14,November,11,2021,207.1,2396.5,78.52166666666666,4.9
1415,15,November,11,2021,206.7,4016.5,79.945,4.9
1416,16,November,11,2021,206.1,4496.9,94.19,4.9
1417,17,November,11,2021,209.3,3997.3,95.005,4.9
1418,18,November,11,2021,213.5,3624.5,95.165,4.9
1419,19,November,11,2021,207.3,3098.6,87.125,4.9
1420,20,November,11,2021,204.9,2624.2,86.08833333333334,4.9
1421,21,November,11,2021,204.7,2772.2,85.05166666666666,4.9
1422,22,November,11,2021,207.6,4802.2,84.015,4.9
1423,23,November,11,2021,207.4,5390.0,90.925,4.9
1424,24,November,11,2021,207.4,6038.2,93.985,4.9
1425,25,November,11,2021,208.3,6086.1,93.3,4.9
1426,26,November,11,2021,213.7,5853.8,87.772,4.9
1427,27,November,11,2021,205.5,5157.3,89.56333333333333,4.9
1428,28,November,11,2021,204.4,5122.0,91.35466666666667,4.9
1429,29,November,11,2021,208.7,6750.0,93.146,4.9
1430,30,November,11,2021,213.9,6244.5,92.515,4.9
1431,1,December,12,2021,219.4,6089.4,95.675,5.0
1432,2,December,12,2021,220.5,7004.6,94.83,5.0
1433,3,December,12,2021,222.1,6650.4,89.48,5.0
1434,4,December,12,2021,220.5,5555.9,89.62933333333334,5.0
1435,5,December,12,2021,220.6,5539.3,89.77866666666667,5.0
1436,6,December,12,2021,221.7,7311.4,89.928,5.0
1437,7,December,12,2021,224.2,6974.4,95.885,5.0
1438,8,December,12,2021,224.6,6919.0,101.502,5.0
1439,9,December,12,2021,221.9,7404.3,100.445,5.0
1440,10,December,12,2021,221.5,6876.4,105.775,5.0
1441,11,December,12,2021,217.7,6024.6,109.21166666666667,5.0
1442,12,December,12,2021,215.2,4999.2,112.64833333333333,5.0
1443,13,December,12,2021,218.1,6451.0,116.085,5.0
1444,14,December,12,2021,218.2,5836.1,128.301,5.0
1445,15,December,12,2021,217.3,5624.2,132.284,5.0
1446,16,December,12,2021,220.1,5744.8,142.765,5.0
1447,17,December,12,2021,221.7,5721.3,136.915,5.0
1448,18,December,12,2021,219.7,4756.4,140.25199999999998,5.0
1449,19,December,12,2021,220.3,5068.4,143.589,5.0
1450,20,December,12,2021,225.3,7680.9,146.926,5.0
1451,21,December,12,2021,227.6,8623.8,180.265,5.0
1452,22,December,12,2021,229.9,8710.2,172.875,5.0
1453,23,December,12,2021,217.2,6990.2,132.58,5.0
1454,24,December,12,2021,222.5,4560.0,126.15875000000001,5.0
1455,25,December,12,2021,225.3,4003.3,119.73750000000001,5.0
1456,26,December,12,2021,222.0,4556.6,113.31625,5.0
1457,27,December,12,2021,225.3,4442.8,106.895,5.0
1458,28,December,12,2021,223.9,4063.2,106.59,5.0
1459,29,December,12,2021,225.3,3208.6,96.476,5.0
1460,30,December,12,2021,219.6,2880.0,87.027,5.0
1461,31,December,12,2021,213.9,1960.6,70.345,5.0
